,Department
0,research & development
1,unknow
2,research & development
3,research & development
4,sales
5,research & development
6,sales
7,sales
8,unknow
9,research & development
10,research & development
11,research & development
12,research & development
13,research & development
14,research & development
15,unknow
16,research & development
17,unknow
18,research & development
19,research & development
20,research & development
21,research & development
22,research & development
23,unknow
24,sales
25,research & development
26,unknow
27,research & development
28,research & development
29,sales
30,sales
31,research & development
32,unknow
33,sales
34,research & development
35,sales
36,unknow
37,research & development
38,sales
39,sales
40,research & development
41,research & development
42,unknow
43,research & development
44,research & development
45,sales
46,research & development
47,unknow
48,research & development
49,sales
50,research & development
51,unknow
52,sales
53,unknow
54,research & development
55,sales
56,research & development
57,research & development
58,sales
59,sales
60,research & development
61,research & development
62,research & development
63,research & development
64,research & development
65,research & development
66,sales
67,research & development
68,research & development
69,research & development
70,research & development
71,research & development
72,research & development
73,research & development
74,research & development
75,research & development
76,research & development
77,research & development
78,research & development
79,sales
80,unknow
81,research & development
82,sales
83,sales
84,unknow
85,unknow
86,research & development
87,research & development
88,research & development
89,research & development
90,research & development
91,research & development
92,research & development
93,research & development
94,research & development
95,sales
96,research & development
97,research & development
98,unknow
99,unknow
100,sales
101,research & development
102,research & development
103,human resources
104,research & development
105,research & development
106,sales
107,research & development
108,research & development
109,human resources
110,research & development
111,sales
112,research & development
113,research & development
114,research & development
115,research & development
116,sales
117,research & development
118,unknow
119,research & development
120,research & development
121,research & development
122,sales
123,research & development
124,sales
125,sales
126,unknow
127,sales
128,research & development
129,research & development
130,research & development
131,research & development
132,research & development
133,research & development
134,research & development
135,research & development
136,sales
137,research & development
138,sales
139,research & development
140,sales
141,research & development
142,research & development
143,research & development
144,research & development
145,unknow
146,research & development
147,unknow
148,human resources
149,unknow
150,unknow
151,unknow
152,research & development
153,research & development
154,human resources
155,sales
156,research & development
157,research & development
158,sales
159,unknow
160,sales
161,research & development
162,research & development
163,sales
164,research & development
165,sales
166,unknow
167,sales
168,research & development
169,unknow
170,research & development
171,research & development
172,research & development
173,sales
174,unknow
175,sales
176,research & development
177,sales
178,research & development
179,research & development
180,sales
181,sales
182,sales
183,sales
184,sales
185,research & development
186,unknow
187,unknow
188,sales
189,research & development
190,research & development
191,sales
192,research & development
193,research & development
194,sales
195,research & development
196,research & development
197,unknow
198,unknow
199,sales
200,research & development
201,research & development
202,research & development
203,research & development
204,research & development
205,sales
206,research & development
207,sales
208,research & development
209,sales
210,research & development
211,sales
212,research & development
213,unknow
214,unknow
215,research & development
216,research & development
217,sales
218,sales
219,research & development
220,research & development
221,sales
222,research & development
223,research & development
224,sales
225,unknow
226,research & development
227,sales
228,research & development
229,research & development
230,research & development
231,research & development
232,research & development
233,research & development
234,research & development
235,research & development
236,research & development
237,sales
238,sales
239,research & development
240,research & development
241,research & development
242,research & development
243,sales
244,research & development
245,unknow
246,research & development
247,research & development
248,research & development
249,sales
250,research & development
251,research & development
252,sales
253,research & development
254,research & development
255,sales
256,research & development
257,sales
258,sales
259,sales
260,research & development
261,research & development
262,sales
263,research & development
264,research & development
265,research & development
266,research & development
267,research & development
268,sales
269,research & development
270,research & development
271,sales
272,research & development
273,sales
274,research & development
275,sales
276,sales
277,sales
278,human resources
279,sales
280,research & development
281,sales
282,research & development
283,research & development
284,research & development
285,research & development
286,research & development
287,research & development
288,research & development
289,research & development
290,sales
291,sales
292,sales
293,research & development
294,unknow
295,research & development
296,sales
297,unknow
298,research & development
299,unknow
300,unknow
301,sales
302,research & development
303,sales
304,sales
305,research & development
306,sales
307,research & development
308,sales
309,research & development
310,research & development
311,sales
312,sales
313,research & development
314,sales
315,research & development
316,sales
317,sales
318,research & development
319,sales
320,sales
321,research & development
322,research & development
323,research & development
324,sales
325,sales
326,human resources
327,research & development
328,sales
329,sales
330,research & development
331,sales
332,research & development
333,human resources
334,sales
335,research & development
336,research & development
337,research & development
338,sales
339,research & development
340,research & development
341,research & development
342,sales
343,research & development
344,unknow
345,research & development
346,research & development
347,sales
348,research & development
349,sales
350,sales
351,research & development
352,research & development
353,research & development
354,unknow
355,research & development
356,research & development
357,sales
358,sales
359,research & development
360,research & development
361,research & development
362,sales
363,sales
364,research & development
365,research & development
366,sales
367,research & development
368,sales
369,sales
370,research & development
371,research & development
372,research & development
373,research & development
374,research & development
375,sales
376,research & development
377,sales
378,sales
379,unknow
380,research & development
381,research & development
382,sales
383,research & development
384,research & development
385,sales
386,research & development
387,research & development
388,research & development
389,research & development
390,research & development
391,research & development
392,research & development
393,research & development
394,research & development
395,sales
396,sales
397,research & development
398,research & development
399,sales
400,research & development
401,research & development
402,research & development
403,research & development
404,research & development
405,research & development
406,sales
407,research & development
408,research & development
409,sales
410,research & development
411,sales
412,research & development
413,research & development
414,sales
415,sales
416,research & development
417,sales
418,research & development
419,research & development
420,unknow
421,research & development
422,research & development
423,research & development
424,research & development
425,research & development
426,sales
427,sales
428,research & development
429,research & development
430,sales
431,research & development
432,research & development
433,human resources
434,sales
435,research & development
436,research & development
437,research & development
438,sales
439,research & development
440,research & development
441,research & development
442,research & development
443,human resources
444,research & development
445,unknow
446,sales
447,research & development
448,research & development
449,sales
450,research & development
451,research & development
452,research & development
453,sales
454,sales
455,research & development
456,human resources
457,sales
458,sales
459,research & development
460,research & development
461,research & development
462,sales
463,sales
464,sales
465,research & development
466,sales
467,research & development
468,research & development
469,sales
470,research & development
471,sales
472,research & development
473,sales
474,sales
475,research & development
476,research & development
477,research & development
478,research & development
479,research & development
480,sales
481,research & development
482,sales
483,sales
484,research & development
485,research & development
486,research & development
487,sales
488,research & development
489,research & development
490,research & development
491,research & development
492,research & development
493,unknow
494,research & development
495,unknow
496,research & development
497,unknow
498,unknow
499,sales
500,research & development
501,research & development
502,research & development
503,research & development
504,research & development
505,human resources
506,unknow
507,research & development
508,human resources
509,human resources
510,research & development
511,research & development
512,research & development
513,research & development
514,unknow
515,sales
516,research & development
517,research & development
518,sales
519,research & development
520,unknow
521,sales
522,research & development
523,sales
524,research & development
525,research & development
526,research & development
527,research & development
528,research & development
529,sales
530,research & development
531,sales
532,research & development
533,sales
534,research & development
535,research & development
536,unknow
537,research & development
538,sales
539,sales
540,sales
541,research & development
542,research & development
543,research & development
544,research & development
545,research & development
546,research & development
547,sales
548,research & development
549,research & development
550,research & development
551,research & development
552,research & development
553,research & development
554,research & development
555,research & development
556,sales
557,sales
558,sales
559,research & development
560,research & development
561,research & development
562,research & development
563,research & development
564,sales
565,sales
566,research & development
567,research & development
568,research & development
569,research & development
570,unknow
571,research & development
572,sales
573,research & development
574,sales
575,research & development
576,research & development
577,research & development
578,sales
579,research & development
580,sales
581,sales
582,sales
583,research & development
584,research & development
585,sales
586,unknow
587,research & development
588,sales
589,sales
590,sales
591,research & development
592,research & development
593,research & development
594,research & development
595,unknow
596,sales
597,sales
598,research & development
599,sales
600,research & development
601,sales
602,human resources
603,research & development
604,sales
605,human resources
606,sales
607,sales
608,research & development
609,sales
610,sales
611,research & development
612,unknow
613,research & development
614,human resources
615,sales
616,research & development
617,research & development
618,human resources
619,research & development
620,sales
621,research & development
622,research & development
623,sales
624,research & development
625,sales
626,research & development
627,sales
628,research & development
629,research & development
630,sales
631,research & development
632,sales
633,research & development
634,sales
635,research & development
636,sales
637,research & development
638,research & development
639,sales
640,research & development
641,sales
642,research & development
643,research & development
644,research & development
645,research & development
646,research & development
647,research & development
648,research & development
649,research & development
650,research & development
651,research & development
652,research & development
653,research & development
654,research & development
655,sales
656,sales
657,research & development
658,research & development
659,sales
660,research & development
661,research & development
662,sales
663,research & development
664,sales
665,sales
666,research & development
667,research & development
668,sales
669,research & development
670,research & development
671,research & development
672,unknow
673,research & development
674,sales
675,research & development
676,sales
677,research & development
678,sales
679,sales
680,research & development
681,research & development
682,sales
683,research & development
684,sales
685,research & development
686,research & development
687,research & development
688,research & development
689,research & development
690,research & development
691,research & development
692,research & development
693,sales
694,sales
695,research & development
696,sales
697,research & development
698,research & development
699,research & development
700,sales
701,sales
702,research & development
703,sales
704,research & development
705,research & development
706,sales
707,sales
708,research & development
709,human resources
710,research & development
711,sales
712,research & development
713,research & development
714,research & development
715,research & development
716,research & development
717,research & development
718,research & development
719,sales
720,research & development
721,human resources
722,research & development
723,sales
724,research & development
725,research & development
726,research & development
727,research & development
728,sales
729,human resources
730,research & development
731,research & development
732,research & development
733,research & development
734,research & development
735,sales
736,sales
737,sales
738,research & development
739,human resources
740,sales
741,research & development
742,unknow
743,sales
744,sales
745,research & development
746,research & development
747,research & development
748,research & development
749,sales
750,sales
751,sales
752,human resources
753,research & development
754,research & development
755,sales
756,human resources
757,research & development
758,research & development
759,research & development
760,research & development
761,research & development
762,research & development
763,sales
764,research & development
765,research & development
766,sales
767,research & development
768,research & development
769,research & development
770,research & development
771,research & development
772,research & development
773,research & development
774,research & development
775,sales
776,research & development
777,sales
778,research & development
779,research & development
780,sales
781,research & development
782,research & development
783,research & development
784,research & development
785,research & development
786,research & development
787,research & development
788,sales
789,research & development
790,sales
791,sales
792,sales
793,research & development
794,research & development
795,research & development
796,research & development
797,research & development
798,research & development
799,research & development
800,research & development
801,research & development
802,research & development
803,research & development
804,research & development
805,research & development
806,unknow
807,research & development
808,sales
809,sales
810,research & development
811,sales
812,research & development
813,research & development
814,research & development
815,human resources
816,research & development
817,research & development
818,sales
819,research & development
820,human resources
821,unknow
822,research & development
823,research & development
824,sales
825,sales
826,research & development
827,research & development
828,sales
829,research & development
830,research & development
831,research & development
832,research & development
833,research & development
834,research & development
835,research & development
836,research & development
837,research & development
838,research & development
839,research & development
840,research & development
841,research & development
842,research & development
843,research & development
844,research & development
845,research & development
846,research & development
847,research & development
848,research & development
849,sales
850,research & development
851,research & development
852,human resources
853,research & development
854,research & development
855,sales
856,research & development
857,research & development
858,research & development
859,research & development
860,sales
861,research & development
862,research & development
863,research & development
864,research & development
865,research & development
866,research & development
867,research & development
868,research & development
869,sales
870,research & development
871,research & development
872,human resources
873,research & development
874,research & development
875,research & development
876,research & development
877,research & development
878,research & development
879,research & development
880,human resources
881,sales
882,sales
883,research & development
884,sales
885,research & development
886,research & development
887,research & development
888,research & development
889,research & development
890,sales
891,sales
892,research & development
893,research & development
894,sales
895,research & development
896,research & development
897,research & development
898,research & development
899,research & development
900,unknow
901,sales
902,research & development
903,research & development
904,research & development
905,research & development
906,sales
907,sales
908,human resources
909,research & development
910,research & development
911,research & development
912,research & development
913,sales
914,sales
915,research & development
916,research & development
917,unknow
918,human resources
919,sales
920,sales
921,unknow
922,research & development
923,research & development
924,research & development
925,research & development
926,research & development
927,sales
928,sales
929,sales
930,sales
931,sales
932,research & development
933,sales
934,research & development
935,sales
936,research & development
937,sales
938,research & development
939,research & development
940,unknow
941,research & development
942,research & development
943,sales
944,sales
945,research & development
946,sales
947,research & development
948,sales
949,research & development
950,research & development
951,human resources
952,research & development
953,human resources
954,research & development
955,sales
956,sales
957,research & development
958,research & development
959,research & development
960,sales
961,research & development
962,research & development
963,sales
964,sales
965,research & development
966,sales
967,sales
968,sales
969,research & development
970,research & development
971,research & development
972,research & development
973,research & development
974,sales
975,research & development
976,research & development
977,research & development
978,research & development
979,research & development
980,research & development
981,research & development
982,research & development
983,research & development
984,research & development
985,research & development
986,sales
987,sales
988,research & development
989,research & development
990,research & development
991,sales
992,research & development
993,research & development
994,research & development
995,research & development
996,research & development
997,research & development
998,research & development
999,sales
1000,research & development
1001,sales
1002,sales
1003,research & development
1004,sales
1005,research & development
1006,research & development
1007,research & development
1008,research & development
1009,unknow
1010,research & development
1011,research & development
1012,unknow
1013,research & development
1014,research & development
1015,sales
1016,research & development
1017,research & development
1018,sales
1019,research & development
1020,research & development
1021,research & development
1022,research & development
1023,research & development
1024,research & development
1025,research & development
1026,research & development
1027,research & development
1028,sales
1029,sales
1030,research & development
1031,research & development
1032,research & development
1033,research & development
1034,research & development
1035,sales
1036,sales
1037,research & development
1038,research & development
1039,sales
1040,research & development
1041,sales
1042,sales
1043,sales
1044,research & development
1045,research & development
1046,research & development
1047,research & development
1048,sales
1049,research & development
1050,sales
1051,sales
1052,research & development
1053,research & development
1054,human resources
1055,research & development
1056,sales
1057,human resources
1058,research & development
1059,research & development
1060,research & development
1061,sales
1062,research & development
1063,research & development
1064,sales
1065,research & development
1066,research & development
1067,unknow
1068,research & development
1069,research & development
1070,sales
1071,sales
1072,sales
1073,research & development
1074,research & development
1075,research & development
1076,sales
1077,research & development
1078,research & development
1079,research & development
1080,research & development
1081,research & development
1082,research & development
1083,sales
1084,research & development
1085,research & development
1086,unknow
1087,research & development
1088,research & development
1089,unknow
1090,sales
1091,research & development
1092,research & development
1093,research & development
1094,sales
1095,research & development
1096,research & development
1097,sales
1098,research & development
1099,sales
1100,research & development
1101,unknow
1102,sales
1103,research & development
1104,human resources
1105,research & development
1106,sales
1107,research & development
1108,research & development
1109,research & development
1110,human resources
1111,research & development
1112,sales
1113,research & development
1114,human resources
1115,human resources
1116,sales
1117,research & development
1118,sales
1119,research & development
1120,research & development
1121,sales
1122,unknow
1123,sales
1124,sales
1125,research & development
1126,research & development
1127,sales
1128,research & development
1129,sales
1130,research & development
1131,human resources
1132,research & development
1133,human resources
1134,sales
1135,research & development
1136,research & development
1137,research & development
1138,research & development
1139,research & development
1140,research & development
1141,sales
1142,sales
1143,sales
1144,research & development
1145,research & development
1146,sales
1147,research & development
1148,research & development
1149,sales
1150,human resources
1151,research & development
1152,research & development
1153,research & development
1154,sales
1155,research & development
1156,research & development
1157,research & development
1158,sales
1159,sales
1160,research & development
1161,research & development
1162,research & development
1163,research & development
1164,research & development
1165,sales
1166,sales
1167,research & development
1168,research & development
1169,research & development
1170,research & development
1171,research & development
1172,research & development
1173,research & development
1174,research & development
1175,research & development
1176,research & development
1177,research & development
1178,research & development
1179,research & development
1180,research & development
1181,research & development
1182,research & development
1183,sales
1184,sales
1185,research & development
1186,research & development
1187,research & development
1188,human resources
1189,research & development
1190,research & development
1191,research & development
1192,sales
1193,sales
1194,research & development
1195,sales
1196,sales
1197,research & development
1198,research & development
1199,research & development
1200,research & development
1201,research & development
1202,research & development
1203,sales
1204,sales
1205,research & development
1206,sales
1207,research & development
1208,research & development
1209,research & development
1210,sales
1211,research & development
1212,research & development
1213,research & development
1214,sales
1215,research & development
1216,research & development
1217,research & development
1218,sales
1219,human resources
1220,research & development
1221,human resources
1222,research & development
1223,research & development
1224,research & development
1225,research & development
1226,research & development
1227,research & development
1228,research & development
1229,research & development
1230,research & development
1231,research & development
1232,sales
1233,research & development
1234,research & development
1235,research & development
1236,research & development
1237,research & development
1238,research & development
1239,research & development
1240,research & development
1241,unknow
1242,research & development
1243,research & development
1244,research & development
1245,research & development
1246,sales
1247,sales
1248,research & development
1249,research & development
1250,research & development
1251,research & development
1252,research & development
1253,research & development
1254,sales
1255,research & development
1256,research & development
1257,research & development
1258,research & development
1259,sales
1260,research & development
1261,research & development
1262,research & development
1263,research & development
1264,sales
1265,research & development
1266,unknow
1267,research & development
1268,unknow
1269,research & development
1270,research & development
1271,research & development
1272,sales
1273,research & development
1274,sales
1275,research & development
1276,research & development
1277,research & development
1278,research & development
1279,sales
1280,sales
1281,research & development
1282,sales
1283,research & development
1284,research & development
1285,unknow
1286,research & development
1287,sales
1288,sales
1289,research & development
1290,sales
1291,sales
1292,research & development
1293,research & development
1294,research & development
1295,research & development
1296,research & development
1297,human resources
1298,unknow
1299,research & development
1300,research & development
1301,research & development
1302,sales
1303,sales
1304,sales
1305,research & development
1306,research & development
1307,research & development
1308,sales
1309,sales
1310,research & development
1311,research & development
1312,research & development
1313,sales
1314,research & development
1315,sales
1316,research & development
1317,research & development
1318,research & development
1319,research & development
1320,sales
1321,research & development
1322,research & development
1323,research & development
1324,research & development
1325,research & development
1326,research & development
1327,research & development
1328,research & development
1329,research & development
1330,research & development
1331,sales
1332,research & development
1333,sales
1334,sales
1335,research & development
1336,research & development
1337,research & development
1338,research & development
1339,research & development
1340,research & development
1341,research & development
1342,research & development
1343,sales
1344,sales
1345,sales
1346,research & development
1347,research & development
1348,research & development
1349,sales
1350,research & development
1351,sales
1352,research & development
1353,research & development
1354,unknow
1355,research & development
1356,research & development
1357,sales
1358,research & development
1359,sales
1360,sales
1361,research & development
1362,research & development
1363,sales
1364,research & development
1365,sales
1366,research & development
1367,sales
1368,research & development
1369,research & development
1370,research & development
1371,research & development
1372,sales
1373,research & development
1374,research & development
1375,research & development
1376,sales
1377,research & development
1378,research & development
1379,research & development
1380,research & development
1381,research & development
1382,research & development
1383,research & development
1384,research & development
1385,research & development
1386,sales
1387,research & development
1388,research & development
1389,unknow
1390,sales
1391,research & development
1392,sales
1393,sales
1394,research & development
1395,research & development
1396,research & development
1397,sales
1398,research & development
1399,sales
1400,research & development
1401,sales
1402,research & development
1403,research & development
1404,research & development
1405,research & development
1406,research & development
1407,research & development
1408,research & development
1409,research & development
1410,research & development
1411,research & development
1412,sales
1413,unknow
1414,unknow
1415,research & development
1416,unknow
1417,sales
1418,sales
1419,sales
1420,sales
1421,research & development
1422,research & development
1423,research & development
1424,human resources
1425,research & development
1426,research & development
1427,sales
1428,sales
1429,human resources
1430,research & development
1431,sales
1432,sales
1433,research & development
1434,research & development
1435,research & development
1436,research & development
1437,research & development
1438,sales
1439,research & development
1440,human resources
1441,research & development
1442,research & development
1443,human resources
1444,research & development
1445,sales
1446,research & development
1447,research & development
1448,human resources
1449,research & development
1450,sales
1451,sales
1452,research & development
1453,research & development
1454,research & development
1455,sales
1456,sales
1457,sales
1458,research & development
1459,unknow
1460,sales
1461,human resources
1462,sales
1463,research & development
1464,research & development
1465,human resources
1466,research & development
1467,unknow
1468,sales
1469,human resources
1470,sales
1471,research & development
1472,research & development
1473,research & development
1474,sales
1475,sales
1476,unknow
1477,unknow
1478,research & development
1479,research & development
1480,research & development
1481,research & development
1482,research & development
1483,sales
1484,research & development
1485,research & development
1486,research & development
1487,research & development
1488,sales
1489,sales
1490,research & development
1491,sales
1492,research & development
1493,research & development
1494,research & development
1495,research & development
1496,unknow
1497,research & development
1498,human resources
1499,sales
1500,sales
1501,research & development
1502,research & development
1503,research & development
1504,sales
1505,sales
1506,sales
1507,research & development
1508,sales
1509,research & development
1510,research & development
1511,sales
1512,research & development
1513,human resources
1514,research & development
1515,research & development
1516,research & development
1517,research & development
1518,research & development
1519,research & development
1520,research & development
1521,human resources
1522,sales
1523,sales
1524,research & development
1525,sales
1526,research & development
1527,research & development
1528,research & development
1529,research & development
1530,research & development
1531,sales
1532,sales
1533,research & development
1534,research & development
1535,sales
1536,research & development
1537,research & development
1538,research & development
1539,research & development
1540,research & development
1541,research & development
1542,unknow
1543,unknow
1544,sales
1545,research & development
1546,sales
1547,sales
1548,research & development
1549,sales
1550,research & development
1551,sales
1552,research & development
1553,research & development
1554,sales
1555,sales
1556,research & development
1557,sales
1558,research & development
1559,sales
1560,sales
1561,research & development
1562,sales
1563,sales
1564,research & development
1565,research & development
1566,research & development
1567,sales
1568,sales
1569,human resources
1570,research & development
1571,sales
1572,sales
1573,research & development
1574,sales
1575,research & development
1576,human resources
1577,sales
1578,research & development
1579,research & development
1580,research & development
1581,sales
1582,research & development
1583,research & development
1584,research & development
1585,sales
1586,research & development
1587,unknow
1588,research & development
1589,research & development
1590,sales
1591,research & development
1592,sales
1593,sales
1594,research & development
1595,research & development
1596,research & development
1597,unknow
1598,research & development
1599,research & development
1600,sales
1601,sales
1602,research & development
1603,research & development
1604,research & development
1605,sales
1606,sales
1607,research & development
1608,research & development
1609,sales
1610,research & development
1611,sales
1612,sales
1613,research & development
